Well,Sample,Barcodes
A1,23CBH233,ACTGAGAA
A2,23CBH233,GTGAGCTT
A3,23CBH233,CGACCACT
A4,23CBH233,TATTGCGT
A5,23CBH233,TTCGGTTA
A6,23CBH233,ACGCCACT
A7,23CBH233,GAAGTCAA
A8,23CBH233,TCTATGTA
A9,23CBH198,CAGTGTGT
A10,23CBH198,GTAAGACA
A11,23CBH198,AGTCTGGT
A12,23CBH198,ACCGCCTA
B1,23CBH198,TGGTCTAT
B2,23CBH198,GTATCTTA
B3,23CBH198,AAGACGAT
B4,23CBH198,CGTGTTGA
B5,23CBH214,TGGTACTT
B6,23CBH214,GCCGGCAT
B7,23CBH214,CTCCAGCA
B8,23CBH214,AAGAGACT
B9,23CBH214,TGCGCCGA
B10,23CBH214,GCTGAGTT
B11,23CBH214,AGATGACA
B12,23CBH214,CATGTGGT
C1,23CBH186,AAGTGCAA
C2,23CBH186,GGCGTTAT
C3,23CBH186,TGCCACCA
C4,23CBH186,TATTCGTA
C5,23CBH186,CTGGAGTT
C6,23CBH186,GGTATCTT
C7,23CBH186,ATGTGCGT
C8,23CBH186,GCCACTCA
C9,23CBH092,GGACGGTT
C10,23CBH092,AATGGACA
C11,23CBH092,TGGTTCGA
C12,23CBH092,ATCGTGGT
D1,23CBH092,CAGCACCT
D2,23CBH092,ATGGCTTA
D3,23CBH092,TGTTGACT
D4,23CBH092,GCGTTGTA
D5,23CBHII96,CCAAGCCT
D6,,GGTTCGAT
D7,,CAGCT
D8,,TCAGC
D9,,CATGC
D10,,GCTAC
D11,,CTGAC
D12,,GACTC
E1,,ACGTC
E2,,CGATC
E3,,ATGCGT
E4,,TCCAGT
E5,,GCTTGA
E6,,TCCGTA
E7,,TCGGAT
E8,,GTCTTA
E9,,CGGAGT
E10,,CGTCTA
E11,,CACGTT
E12,,GTTAGC
F1,,AGCATT
F2,,CTCCGA
F3,,TTGGCA
F4,,CCACGT
F5,,GATGTC
F6,,ATTCAGT
F7,,TATCTGA
F8,,TTCAAGT
F9,,GAGCAGT
F10,,TCTAGGA
F11,,ACACGGT
F12,,GACGTGA
G1,,TCATAGT
G2,,TTACGAT
G3,,GGCTAGA
G4,,AATCGTT
G5,,CTATGGA
G6,,TACGGTA
G7,,ACTATGT
G8,,CGTGAAT
G9,,TTGCAGA
G10,,AACTTGT
G11,,TGACGTA
G12,,GCTATAA
H1,,ATCGTAT
H2,,TACTGAT
H3,,CTTGAGA
H4,,TCAAGTT
H5,,GATCATA
H6,,GCATTGA
H7,,CAGGTAT
H8,,TGCAATA
H9,,ATATCGT
H10,,AGTCTAT
H11,,GTCTGAA
H12,,ATCAGTT